id;first_name;last_name;gender;email;phone;address_line_1;address_line_2;city;country;user_id
1;Sherman;MacGyver;FEMALE;"YN-PxmBfsE5>58\KSV/KI*!/)n0Nl~&FhY]r:7:;jsh?ZQ0HGtvND0d{vXRd1oI.2h\Pf7C~Xdjq({F^LAl}9|=(mVq1X;\%RYs@$V6RqMg.g2C}9Ek-2pvcE"\V69j&:jj8L+Y(44s"az0Rb2WQ("F;:07Y,Mf?:~1FZ%pnqvt";240.574.1041 x2086;knowledge base Buckinghamshire;Concrete Investment Account Saint Lucia;East Twilaton;Morocco;1
2;Maude;Crooks;MALE;"9h99-qSZ"RSk%".yk1e$`l#SxBHG+j]Y*cM.Ex(.oVRCv&9i;=)=V,MIJ2ds0>c(04_C5tD%QqM=9.=B83DADWrJ`yF[<@1.zj:453>5/<?JoD*:*%X%0:6$>sfDd)Lp!!<K.>Oq";885-381-8339 x122;synergies copying;ability Hat Iraq;East Mathilde;Brazil;1
3;Eugene;Flatley;OTHER;"tSuy3ZDXz'$4P&`o|;YX/<05<!^w&Ps\?'.V%%X7`sOGvmD;Z]Kd175BB:e'njv1e!7s=JKz=NsSO@y59IKVY(G2xz*hktBu)1:5CJv^+J]j#2sI1Q"|,S_rc:dOKd?P|]j[1+K:e9=!VB[`Qi*o}5RFJ#kv7(z{'.Y";264-731-2902;Analyst paradigms;encompassing;Naderberg;Palestinian Territory;1
4;Justine;Kuhn;FEMALE;"k/&n'$4jyPGWG03b#D^^0"=)=!F*_l4RI3OplIXh<YnWqXv*fTf@&xH$39*1m8na${Gb[Q^.l+_K8'_FwaV^{r6<;BW+UJ!YEj|h{Ac=rH+4)QF-MUY";783-469-6358;optical;installation;New Alizehaven;Montenegro;1
5;Marianne;Erdman;OTHER;"S8c)u0KzJ)o@1$GNpmbe*i/7a050!$W"55k=i_"HwJF]g#?zPu<:O8`\79~TN]#px9xKxwQP<H'<:|#%O6=!9l!uw<.7`jvA34?rKm0H.W:&R3G?_sL1)A(Y({%^S*v6Ck^k?Qm~bN}+{_w<\c>yoCRz/7F"1~g>swVVls5T67:W,VF7u";963.359.8163;Concrete Global SMS;Profound;Lake Willismouth;Macao;2
6;Devin;Fisher;MALE;"/fd$m~D3x0@E~z6&'Tw-&dWeOqq3nkocq{9AL7\c,=P:xin^QPM/Va-.><pyG8Frd*dKN,n"6a:{W$F7qH#MEo9Zk!>gKmF]kO#22Ln}Y\mxumFv==Ebx5Vyieem)N`W1v4}/i6EAY#7%";1-788-884-7868 x0917;New Zealand Dollar Alabama transform;invoice Home Gloves;Jeanchester;Jordan;2
7;Zane;Fadel;MALE;"e'O"y\^lbDCgHCKW*</+\=;OfOb'uPe'g(;s5P{X3F:TcuxU`VnRYuNx7FC"C%Yka_UZ=2(?&/h#sUR->][)GS._w$3mV@z"ua!>7'ig<VxJ?Zw*=5)hY~Y}"U'iCI|r2_.LAkK(.Yko2WHSRl~dY)ucbYEmEh!QxFLWT|.yK:rmGeb1NEi\M0z"(S-<)v$ykJW7MN&X[yT)t\>a5*KR;b#l1~kfItfx2*RiQQ+0BZ.";678.763.5505;withdrawal Ergonomic;Strategist target;Ullrichstad;Italy;2
8;Federico;Kuvalis;FEMALE;".B]qrrtb)0$VSO69qO'1117R?Q(?'+eg&=8U4|Zfw4Oc,3aTGm;f:b%w&GX_(y4"%u3pD0@/|31%XH]Dv(=ik2/$%.ogHQr'mS2O4kTr>GqN4U19aGx3e_"Z|,BTh[/\4socP.2nNZRI^";076.019.9492 x983;Automotive Tactics architectures;Wisconsin Facilitator Incredible;West Claud;Svalbard & Jan Mayen Islands;1
9;Emile;Kuhic;FEMALE;"1L5ZP92^;=f\tv.ov#p4>1iN4bT),ht&@G3xm.gUnHmG,h_I}3/:*(x9s?yduz%MC2";(026) 693-1252;portal calculating Metal;real-time discrete redundant;Gaylordhaven;Namibia;2
10;Arnaldo;Langosh;OTHER;"|fWxe~]&AV%iE3B2oOs~+Y#_MiM9VPN@`VTnzV*Y\(VKx?}_VD5q:|R/"ma-P$R\N42-u7]A5Q".LEaKnl4lNOeD{%B<8%MX4s.D-+=>\sV^MeDa/Ya$p1q80;b!!,VfeL{At`Msp--B.aahk)3EGW%x0;mW,x=4u!f&;.!e<1A/JCQEJ"*{+U/TH#M0)}zm";708.830.3504;Argentine Peso implementation;Wallis and Futuna;Lake Lance;Sweden;1
